"Categoria","Descripcion","Empresa","Estado","ID","Imagen","Imagenes","ImageURL","Link_producto","Precio","Titulo","Creation Date","Creator"
"","Nuestro Colágeno Hidrolizado está enriquecido con Resveratrol, Vitamina C, Biotina, y vitaminas A, D, B1, B6 y B12 y lo mejor, ahora sin edulcorantes, una opción perfecta para los que prefieren el sabor puro sin andulzantes.","","","#ID7948237144230","","https://www.beautyboost.com.co/cdn/shop/files/4_edc23a3e-13e9-45d7-8477-cb9f9629e2d1.jpg?v=1733937231&width=600","https://www.beautyboost.com.co/cdn/shop/files/4_edc23a3e-13e9-45d7-8477-cb9f9629e2d1.jpg?v=1733937231&width=600","","245900","DÚO COLÁGENO HIDROLIZADO CON RESVERATROL SIN EDULCORANTES - SABOR A FRUTOS ROJOS","Jan 24, 2025 10:26 am","(App admin)"
"","Nuestro Colágeno Hidrolizado está enriquecido con Resveratrol, Vitamina C, Biotina, y vitaminas A, D, B1, B6 y B12 y lo mejor, ahora sin edulcorantes, una opción perfecta para los que prefieren el sabor puro sin andulzantes.","","","#ID7948237144229","","https://www.beautyboost.com.co/cdn/shop/files/3_192931de-40c0-4ff3-9c57-66c7a3f9b057.jpg?v=1733937180&width=600","https://www.beautyboost.com.co/cdn/shop/files/3_192931de-40c0-4ff3-9c57-66c7a3f9b057.jpg?v=1733937180&width=600","","245900","DÚO COLÁGENO HIDROLIZADO CON RESVERATROL SIN EDULCORANTES - SABOR A CHOCOLATE","Jan 24, 2025 10:28 am","(App admin)"
"","Nuestro Colágeno Hidrolizado está enriquecido con Resveratrol, Vitamina C, Biotina, y vitaminas A, D, B1, B6 y B12 y lo mejor, ahora sin edulcorantes, una opción perfecta para los que prefieren el sabor puro sin andulzantes.","","","#ID7948237144228","","https://www.beautyboost.com.co/cdn/shop/files/2_c1a2a36c-7b80-4be8-b85f-16a83332e0aa.jpg?v=1733936955&width=600","https://www.beautyboost.com.co/cdn/shop/files/2_c1a2a36c-7b80-4be8-b85f-16a83332e0aa.jpg?v=1733936955&width=600","https://e53ac8dd9dbc25adfb5c5a0f4789280e.cdn.bubble.io/f1737732070215x209780326407058780/D%C3%9AO%20COL%C3%81GENO%20HIDROLIZADO%20CON%20RESVERATROL%20SIN%20EDULCORANTES%20-%20SIN%20SABOR.webp?","245900","DÚO COLÁGENO HIDROLIZADO CON RESVERATROL SIN EDULCORANTES - SIN SABOR","Jan 24, 2025 10:30 am","(App admin)"
"","Nuestro Colágeno Hidrolizado está enriquecido con Resveratrol, Vitamina C, Biotina, y vitaminas A, D, B1, B6 y B12 y lo mejor, ahora sin edulcorantes, una opción perfecta para los que prefieren el sabor puro sin andulzantes.","","","#ID7948237144227","","https://www.beautyboost.com.co/cdn/shop/files/1_bc7fdc3d-ac9d-430d-b037-ee0315ee299c.jpg?v=1733936878&width=600","https://www.beautyboost.com.co/cdn/shop/files/1_bc7fdc3d-ac9d-430d-b037-ee0315ee299c.jpg?v=1733936878&width=600","","245900","DÚO COLÁGENO HIDROLIZADO CON RESVERATROL SIN EDULCORANTES - SABOR A COCO","Jan 24, 2025 10:31 am","(App admin)"
"Colágeno","Colágeno hidrolizado enriquecido con Resveratrol, Vitamina C, Biotina y vitaminas A, D, B1, B6 y B12. Sabor a coco, endulzado con estevia y sin azúcar añadida. Ideal para bebidas frías, calientes y recetas.","","","#ID7948237144231","","https://www.beautyboost.com.co/cdn/shop/files/1_eae15edd-8397-4bba-bf45-087f38d0baa1.jpg?v=1747841145&width=600","https://www.beautyboost.com.co/cdn/shop/files/1_eae15edd-8397-4bba-bf45-087f38d0baa1.jpg?v=1747841145&width=600","https://www.beautyboost.com.co/products/colageno-hidrolizado-de-maxima-absorcion","149900","COLÁGENO HIDROLIZADO CON RESVERATROL Y BIOTINA - COCO","Jul 1, 2026 03:45 pm","(App admin)"
"Colágeno","Colágeno hidrolizado enriquecido con Resveratrol, Vitamina C, Biotina y vitaminas A, D, B1, B6 y B12. Delicioso sabor a chocolate, endulzado con estevia y sin azúcar añadida.","","","#ID7948237144232","","https://www.beautyboost.com.co/cdn/shop/files/3_8ef2735d-9e19-470e-a6b6-7e709c0709ac.jpg?v=1743696184&width=600","https://www.beautyboost.com.co/cdn/shop/files/3_8ef2735d-9e19-470e-a6b6-7e709c0709ac.jpg?v=1743696184&width=600","https://www.beautyboost.com.co/products/colageno-hidrolizado-sabor-a-chocolate","149900","COLÁGENO HIDROLIZADO CON RESVERATROL Y BIOTINA - CHOCOLATE","Jul 1, 2026 03:46 pm","(App admin)"
"Colágeno","Colágeno hidrolizado enriquecido con Resveratrol, Vitamina C, Biotina y vitaminas A, D, B1, B6 y B12. Sin sabor, ideal para mezclar en jugos, bebidas y recetas sin alterar su sabor. Endulzado con estevia, sin azúcar añadida.","","","#ID7948237144233","","https://www.beautyboost.com.co/cdn/shop/files/2_0d10601b-a142-43cf-92ea-46dd2877084a.jpg?v=1743696170&width=600","https://www.beautyboost.com.co/cdn/shop/files/2_0d10601b-a142-43cf-92ea-46dd2877084a.jpg?v=1743696170&width=600","https://www.beautyboost.com.co/products/colageno-hidrolizado-de-maxima-absorcion-sin-sabor","149900","COLÁGENO HIDROLIZADO CON RESVERATROL Y BIOTINA - SIN SABOR","Jul 1, 2026 03:47 pm","(App admin)"
"Colágeno","Kit de 3 colágenos hidrolizados con Resveratrol y vitaminas: 1 coco, 1 sin sabor y 1 chocolate. Endulzados con estevia y sin azúcar añadida.","","","#ID7948237144234","","https://www.beautyboost.com.co/cdn/shop/files/MG_0262_6299af0f-3b2d-4808-922e-736fd87cba0c.jpg?v=1767563425&width=600","https://www.beautyboost.com.co/cdn/shop/files/MG_0262_6299af0f-3b2d-4808-922e-736fd87cba0c.jpg?v=1767563425&width=600","https://www.beautyboost.com.co/products/colageno-h","387900","KIT 3 COLÁGENOS CON RESVERATROL - COCO + SIN SABOR + CHOCOLATE","Jul 1, 2026 03:48 pm","(App admin)"
"Colágeno","Kit con 2 colágenos hidrolizados con Resveratrol y vitaminas, sabores sin sabor + coco. Endulzados con estevia, sin azúcar añadida.","","","#ID7948237144235","","https://www.beautyboost.com.co/cdn/shop/files/7_94efa134-c5f9-4c15-b2d2-0371e0a517f6.png?v=1750465586&width=600","https://www.beautyboost.com.co/cdn/shop/files/7_94efa134-c5f9-4c15-b2d2-0371e0a517f6.png?v=1750465586&width=600","https://www.beautyboost.com.co/products/kit-colageno-hidrolizado-sin-sabor-coco","266100","DÚO COLÁGENO HIDROLIZADO CON RESVERATROL - SIN SABOR + COCO","Jul 1, 2026 03:49 pm","(App admin)"
"Colágeno","Kit con 2 colágenos hidrolizados con Resveratrol y vitaminas, sabores chocolate + coco. Endulzados con estevia, sin azúcar añadida.","","","#ID7948237144236","","https://www.beautyboost.com.co/cdn/shop/files/11_48ce8b84-c0ef-4514-bf6e-7b826193aca2.png?v=1722961822&width=600","https://www.beautyboost.com.co/cdn/shop/files/11_48ce8b84-c0ef-4514-bf6e-7b826193aca2.png?v=1722961822&width=600","https://www.beautyboost.com.co/products/kit-colageno-hidrolizado-con-resveratrol-y-vitaminas-chocolate-coco","266100","DÚO COLÁGENO HIDROLIZADO CON RESVERATROL - CHOCOLATE + COCO","Jul 1, 2026 03:50 pm","(App admin)"
"Colágeno","Kit con 2 colágenos hidrolizados con Resveratrol y vitaminas, sabores chocolate + sin sabor. Endulzados con estevia, sin azúcar añadida.","","","#ID7948237144237","","https://www.beautyboost.com.co/cdn/shop/files/12_2a157f4f-7ccf-4afa-bd71-49ff1ed28714.png?v=1722961767&width=600","https://www.beautyboost.com.co/cdn/shop/files/12_2a157f4f-7ccf-4afa-bd71-49ff1ed28714.png?v=1722961767&width=600","https://www.beautyboost.com.co/products/kit-colageno-hidrolizado-con-resveratrol-y-vitaminas-chocolate-sin-sabor","266100","DÚO COLÁGENO HIDROLIZADO CON RESVERATROL - CHOCOLATE + SIN SABOR","Jul 1, 2026 03:51 pm","(App admin)"
"Colágeno","Combo de 4 colágenos hidrolizados con Resveratrol y vitaminas (coco, sin sabor y 2 chocolate), endulzados con estevia y sin azúcar añadida, + mini licuadora portátil de regalo.","","","#ID7948237144238","","https://www.beautyboost.com.co/cdn/shop/files/AJUSTEc.png?v=1782483186&width=600","https://www.beautyboost.com.co/cdn/shop/files/AJUSTEc.png?v=1782483186&width=600","https://www.beautyboost.com.co/products/kit-de-4-colagenos-con-estevia-coco-sin-sabor-2-chocolate-mini-licuadora-portatil-gratis","535200","KIT 4 COLÁGENOS CON ESTEVIA (COCO, SIN SABOR, 2 CHOCOLATE) + MINI LICUADORA PORTÁTIL GRATIS","Jul 1, 2026 03:52 pm","(App admin)"
"Combo","Combo bienestar: Colágeno Hidrolizado con Resveratrol y Biotina sabor coco (600 g) + Magnesio Total Care efervescente con 7 tipos de magnesio, sabor naranja.","","","#ID7948237144239","","https://www.beautyboost.com.co/cdn/shop/files/COMBOCOLAGENOMAGNESIO_1.jpg?v=1780021208&width=600","https://www.beautyboost.com.co/cdn/shop/files/COMBOCOLAGENOMAGNESIO_1.jpg?v=1780021208&width=600","https://www.beautyboost.com.co/products/colageno-hidrolizado-con-resveratrol-sabor-coco-magnesio-total-care-7-tipos","277800","COLÁGENO HIDROLIZADO CON RESVERATROL SABOR COCO 600 G + MAGNESIO TOTAL CARE 7 TIPOS","Jul 1, 2026 03:53 pm","(App admin)"
"Magnesio","Fórmula efervescente sabor naranja con 7 tipos de magnesio (cloruro, glicinato, treonato, malato, taurato, citrato y óxido). Sin azúcar añadida. 40 porciones. INVIMA RSA-1087-2025.","","","#ID7948237144240","","https://www.vitasei.com.co/cdn/shop/files/022.png?v=1764196668&width=600","https://www.vitasei.com.co/cdn/shop/files/022.png?v=1764196668&width=600","https://www.vitasei.com.co/products/magnesio-total-care-7-tipos-de-magnesio-formula-efervescente","159900","MAGNESIO TOTAL CARE - 7 TIPOS DE MAGNESIO FÓRMULA EFERVESCENTE","Jul 1, 2026 03:54 pm","(App admin)"
"Magnesio","Magnesio en polvo sabor canela con bisglicinato, citrato y cloruro de magnesio, zinc, melena de león y vitaminas del complejo B (C, B6, B12, D3). Vegano, sin gluten y sin azúcar añadida. 60 porciones.","","","#ID7948237144241","","https://www.vitasei.com.co/cdn/shop/files/023.png?v=1764196668&width=600","https://www.vitasei.com.co/cdn/shop/files/023.png?v=1764196668&width=600","https://www.vitasei.com.co/products/bisglicinato-de-magnesio-formula-con-zinc-melena-de-leon-y-complejo-b","159900","BISGLICINATO DE MAGNESIO - FÓRMULA CON ZINC, MELENA DE LEÓN Y COMPLEJO B","Jul 1, 2026 03:55 pm","(App admin)"
"Magnesio","Citrato de magnesio de alta biodisponibilidad (266 mg por porción) con vitaminas C, B6 y D3, inulina y vinagre de manzana. Sabor flor de jamaica. Vegano, sin gluten y sin azúcar añadida. 80 porciones.","","","#ID7948237144242","","https://www.vitasei.com.co/cdn/shop/files/3_1BCOL.png?v=1776219097&width=600","https://www.vitasei.com.co/cdn/shop/files/3_1BCOL.png?v=1776219097&width=600","https://www.vitasei.com.co/products/paga-2-lleva-3-citratos-de-magnesio-con-vinagre-de-manzana-flor-de-jamaica-vitaminas-c-b6-y-d3","159900","CITRATO DE MAGNESIO - CON VINAGRE DE MANZANA, VITAMINAS C, B6 Y D3","Jul 1, 2026 03:56 pm","(App admin)"
